operation,users,locust_p95,cw_p95,overhead
edge,1,1660.0,392.8,1267.2
edge,10,4971.666666666667,381.3,4590.366666666667
edge,50,27618.333333333332,375.2,27243.13333333333
edge,100,46216.666666666664,380.3333333333333,45836.333333333336
grayscale,1,713.3333333333334,65.43333333333332,647.9
grayscale,10,3714.0,51.08,3662.9199999999996
grayscale,50,9237.5,61.85,9175.65
grayscale,100,19550.0,66.375,19483.625
