operation,users,locust_p95,cw_p95,overhead
edge,1,1660.0,392.8,1267.2
edge,10,4971.666666666667,381.3,4590.366666666667
edge,50,27618.333333333332,375.2,27243.13333333333
edge,100,46216.666666666664,380.3333333333333,45836.333333333336
