Type,Name,Request Count,Failure Count,Median Response Time,Average Response Time,Min Response Time,Max Response Time,Average Content Size,Requests/s,Failures/s,50%,66%,75%,80%,90%,95%,98%,99%,99.9%,99.99%,100%
POST,edge-large,90,11,62000,59322.15695889123,4991.395600023679,108520.21109999623,1606052.9555555556,0.760978178823817,0.09300844407846653,62000,66000,74000,81000,99000,104000,108000,109000,109000,109000,109000
,Aggregated,90,11,62000,59322.15695889123,4991.395600023679,108520.21109999623,1606052.9555555556,0.760978178823817,0.09300844407846653,62000,66000,74000,81000,99000,104000,108000,109000,109000,109000,109000
