Type,Name,Request Count,Failure Count,Median Response Time,Average Response Time,Min Response Time,Max Response Time,Average Content Size,Requests/s,Failures/s,50%,66%,75%,80%,90%,95%,98%,99%,99.9%,99.99%,100%
POST,edge-medium,454,12,10000,13854.640625994181,269.5518999826163,101673.37299999781,557936.0,3.8299717918479033,0.10123273458628819,10000,14000,16000,18000,23000,39000,53000,76000,102000,102000,102000
,Aggregated,454,12,10000,13854.640625994181,269.5518999826163,101673.37299999781,557936.0,3.8299717918479033,0.10123273458628819,10000,14000,16000,18000,23000,39000,53000,76000,102000,102000,102000
