Type,Name,Request Count,Failure Count,Median Response Time,Average Response Time,Min Response Time,Max Response Time,Average Content Size,Requests/s,Failures/s,50%,66%,75%,80%,90%,95%,98%,99%,99.9%,99.99%,100%
POST,edge-medium,379,0,870,1066.4420559376326,457.41120004095137,4263.032000046223,608956.4063324538,3.202933043332755,0.0,870,1100,1300,1400,1700,2200,3400,3800,4300,4300,4300
,Aggregated,379,0,870,1066.4420559376326,457.41120004095137,4263.032000046223,608956.4063324538,3.202933043332755,0.0,870,1100,1300,1400,1700,2200,3400,3800,4300,4300,4300
