Type,Name,Request Count,Failure Count,Median Response Time,Average Response Time,Min Response Time,Max Response Time,Average Content Size,Requests/s,Failures/s,50%,66%,75%,80%,90%,95%,98%,99%,99.9%,99.99%,100%
POST,edge-large,148,0,5800,5873.587979736102,1747.607700061053,20562.82019999344,1903341.2297297297,1.2426090630594386,0.0,5800,6600,7500,8000,9600,11000,15000,18000,21000,21000,21000
,Aggregated,148,0,5800,5873.587979736102,1747.607700061053,20562.82019999344,1903341.2297297297,1.2426090630594386,0.0,5800,6600,7500,8000,9600,11000,15000,18000,21000,21000,21000
