Type,Name,Request Count,Failure Count,Median Response Time,Average Response Time,Min Response Time,Max Response Time,Average Content Size,Requests/s,Failures/s,50%,66%,75%,80%,90%,95%,98%,99%,99.9%,99.99%,100%
POST,edge-large,135,2,29000,33675.088317778514,3603.940299944952,114278.69770000689,1882116.8592592592,1.1358189953122835,0.016826948078700495,29000,37000,42000,44000,60000,67000,99000,109000,114000,114000,114000
,Aggregated,135,2,29000,33675.088317778514,3603.940299944952,114278.69770000689,1882116.8592592592,1.1358189953122835,0.016826948078700495,29000,37000,42000,44000,60000,67000,99000,109000,114000,114000,114000
