Type,Name,Request Count,Failure Count,Median Response Time,Average Response Time,Min Response Time,Max Response Time,Average Content Size,Requests/s,Failures/s,50%,66%,75%,80%,90%,95%,98%,99%,99.9%,99.99%,100%
POST,edge-small,54,0,190,230.76236111767315,163.36390003561974,1548.719699960202,77582.61111111111,0.45993696037117265,0.0,190,210,220,220,230,340,410,1500,1500,1500,1500
,Aggregated,54,0,190,230.76236111767315,163.36390003561974,1548.719699960202,77582.61111111111,0.45993696037117265,0.0,190,210,220,220,230,340,410,1500,1500,1500,1500
