Type,Name,Request Count,Failure Count,Median Response Time,Average Response Time,Min Response Time,Max Response Time,Average Content Size,Requests/s,Failures/s,50%,66%,75%,80%,90%,95%,98%,99%,99.9%,99.99%,100%
POST,edge-large,28,0,2000,2314.753635715793,1703.4790000179783,4408.507700078189,2112803.25,0.23830746110338594,0.0,2000,2400,2800,2800,3000,4400,4400,4400,4400,4400,4400
,Aggregated,28,0,2000,2314.753635715793,1703.4790000179783,4408.507700078189,2112803.25,0.23830746110338594,0.0,2000,2400,2800,2800,3000,4400,4400,4400,4400,4400,4400
