Type,Name,Request Count,Failure Count,Median Response Time,Average Response Time,Min Response Time,Max Response Time,Average Content Size,Requests/s,Failures/s,50%,66%,75%,80%,90%,95%,98%,99%,99.9%,99.99%,100%
POST,edge-large,30,0,2000,2045.6542466689523,1715.9101000288501,3071.459800004959,1814146.0666666667,0.25304888075222687,0.0,2000,2200,2200,2200,2300,2900,3100,3100,3100,3100,3100
,Aggregated,30,0,2000,2045.6542466689523,1715.9101000288501,3071.459800004959,1814146.0666666667,0.25304888075222687,0.0,2000,2200,2200,2200,2300,2900,3100,3100,3100,3100,3100
