Type,Name,Request Count,Failure Count,Median Response Time,Average Response Time,Min Response Time,Max Response Time,Average Content Size,Requests/s,Failures/s,50%,66%,75%,80%,90%,95%,98%,99%,99.9%,99.99%,100%
POST,edge-small,554,0,190,206.88864025152844,145.58170002419502,1211.5717000560835,78020.70036101084,4.667054629758643,0.0,190,200,210,220,240,310,430,900,1200,1200,1200
,Aggregated,554,0,190,206.88864025152844,145.58170002419502,1211.5717000560835,78020.70036101084,4.667054629758643,0.0,190,200,210,220,240,310,430,900,1200,1200,1200
