Type,Name,Request Count,Failure Count,Median Response Time,Average Response Time,Min Response Time,Max Response Time,Average Content Size,Requests/s,Failures/s,50%,66%,75%,80%,90%,95%,98%,99%,99.9%,99.99%,100%
POST,edge-medium,44,0,670,693.4406659195454,478.8530000951141,1633.9097999734804,618454.4545454546,0.37166022685024735,0.0,670,710,790,800,940,990,1600,1600,1600,1600,1600
,Aggregated,44,0,670,693.4406659195454,478.8530000951141,1633.9097999734804,618454.4545454546,0.37166022685024735,0.0,670,710,790,800,940,990,1600,1600,1600,1600,1600
