Type,Name,Request Count,Failure Count,Median Response Time,Average Response Time,Min Response Time,Max Response Time,Average Content Size,Requests/s,Failures/s,50%,66%,75%,80%,90%,95%,98%,99%,99.9%,99.99%,100%
POST,edge-small,2625,0,210,237.8402865138792,145.23599995300174,1300.9657999500632,80147.13523809524,21.940568241699992,0.0,210,230,250,260,300,350,660,940,1200,1300,1300
,Aggregated,2625,0,210,237.8402865138792,145.23599995300174,1300.9657999500632,80147.13523809524,21.940568241699992,0.0,210,230,250,260,300,350,660,940,1200,1300,1300
