Type,Name,Request Count,Failure Count,Median Response Time,Average Response Time,Min Response Time,Max Response Time,Average Content Size,Requests/s,Failures/s,50%,66%,75%,80%,90%,95%,98%,99%,99.9%,99.99%,100%
POST,edge-small,3504,0,1000,1265.063253453712,145.70210000965744,8837.496499996632,80095.09103881278,29.505512158798428,0.0,1000,1300,1600,1800,2500,3200,4100,4700,7300,8800,8800
,Aggregated,3504,0,1000,1265.063253453712,145.70210000965744,8837.496499996632,80095.09103881278,29.505512158798428,0.0,1000,1300,1600,1800,2500,3200,4100,4700,7300,8800,8800
