Type,Name,Request Count,Failure Count,Median Response Time,Average Response Time,Min Response Time,Max Response Time,Average Content Size,Requests/s,Failures/s,50%,66%,75%,80%,90%,95%,98%,99%,99.9%,99.99%,100%
POST,edge-medium,484,1,7000,8937.659752060667,1643.3106999611482,59248.73300001491,600201.847107438,4.05373925137933,0.008375494321031674,7000,9000,10000,12000,15000,20000,31000,39000,59000,59000,59000
,Aggregated,484,1,7000,8937.659752060667,1643.3106999611482,59248.73300001491,600201.847107438,4.05373925137933,0.008375494321031674,7000,9000,10000,12000,15000,20000,31000,39000,59000,59000,59000
