Type,Name,Request Count,Failure Count,Median Response Time,Average Response Time,Min Response Time,Max Response Time,Average Content Size,Requests/s,Failures/s,50%,66%,75%,80%,90%,95%,98%,99%,99.9%,99.99%,100%
POST,edge-small,3529,0,960,1229.2827897149352,148.40910001657903,28694.491200032644,79058.25531311987,29.734043369095566,0.0,960,1300,1500,1700,2300,3100,4200,5100,6700,29000,29000
,Aggregated,3529,0,960,1229.2827897149352,148.40910001657903,28694.491200032644,79058.25531311987,29.734043369095566,0.0,960,1300,1500,1700,2300,3100,4200,5100,6700,29000,29000
