Type,Name,Request Count,Failure Count,Median Response Time,Average Response Time,Min Response Time,Max Response Time,Average Content Size,Requests/s,Failures/s,50%,66%,75%,80%,90%,95%,98%,99%,99.9%,99.99%,100%
POST,edge-large,134,1,27000,30872.586617911747,3475.9417000459507,102053.53969999123,1835192.3059701493,1.1303044788947134,0.008435108051453085,27000,33000,38000,40000,46000,59000,82000,85000,102000,102000,102000
,Aggregated,134,1,27000,30872.586617911747,3475.9417000459507,102053.53969999123,1835192.3059701493,1.1303044788947134,0.008435108051453085,27000,33000,38000,40000,46000,59000,82000,85000,102000,102000,102000
