Type,Name,Request Count,Failure Count,Median Response Time,Average Response Time,Min Response Time,Max Response Time,Average Content Size,Requests/s,Failures/s,50%,66%,75%,80%,90%,95%,98%,99%,99.9%,99.99%,100%
POST,edge-small,2623,0,210,238.32922256890765,145.41290001943707,1354.112199973315,79457.75028593214,21.92467833919776,0.0,210,230,250,260,300,360,670,920,1300,1400,1400
,Aggregated,2623,0,210,238.32922256890765,145.41290001943707,1354.112199973315,79457.75028593214,21.92467833919776,0.0,210,230,250,260,300,360,670,920,1300,1400,1400
