Type,Name,Request Count,Failure Count,Median Response Time,Average Response Time,Min Response Time,Max Response Time,Average Content Size,Requests/s,Failures/s,50%,66%,75%,80%,90%,95%,98%,99%,99.9%,99.99%,100%
POST,edge-medium,44,0,630,694.4011931905566,480.32360000070184,2143.816199968569,620626.4545454546,0.37261559035039343,0.0,630,710,760,780,980,1000,2100,2100,2100,2100,2100
,Aggregated,44,0,630,694.4011931905566,480.32360000070184,2143.816199968569,620626.4545454546,0.37261559035039343,0.0,630,710,760,780,980,1000,2100,2100,2100,2100,2100
