Type,Name,Request Count,Failure Count,Median Response Time,Average Response Time,Min Response Time,Max Response Time,Average Content Size,Requests/s,Failures/s,50%,66%,75%,80%,90%,95%,98%,99%,99.9%,99.99%,100%
POST,edge-medium,446,7,9900,13847.657336097527,1908.8065999094397,93228.88199996669,583842.3273542601,3.7920005599316795,0.059515703855429945,10000,13000,16000,17000,25000,37000,58000,75000,93000,93000,93000
,Aggregated,446,7,9900,13847.657336097527,1908.8065999094397,93228.88199996669,583842.3273542601,3.7920005599316795,0.059515703855429945,10000,13000,16000,17000,25000,37000,58000,75000,93000,93000,93000
