Type,Name,Request Count,Failure Count,Median Response Time,Average Response Time,Min Response Time,Max Response Time,Average Content Size,Requests/s,Failures/s,50%,66%,75%,80%,90%,95%,98%,99%,99.9%,99.99%,100%
POST,edge-small,544,0,190,211.46737224198125,148.80840003024787,1476.6072999918833,77353.10477941176,4.5748248085961185,0.0,190,200,210,220,240,320,430,940,1500,1500,1500
,Aggregated,544,0,190,211.46737224198125,148.80840003024787,1476.6072999918833,77353.10477941176,4.5748248085961185,0.0,190,200,210,220,240,320,430,940,1500,1500,1500
