Type,Name,Request Count,Failure Count,Median Response Time,Average Response Time,Min Response Time,Max Response Time,Average Content Size,Requests/s,Failures/s,50%,66%,75%,80%,90%,95%,98%,99%,99.9%,99.99%,100%
POST,edge-medium,487,2,6800,8512.530997740936,888.2133000297472,101315.94290002249,589893.4661190965,4.102797075864183,0.01684926930539706,6800,8500,10000,11000,14000,19000,24000,29000,101000,101000,101000
,Aggregated,487,2,6800,8512.530997740936,888.2133000297472,101315.94290002249,589893.4661190965,4.102797075864183,0.01684926930539706,6800,8500,10000,11000,14000,19000,24000,29000,101000,101000,101000
