Type,Name,Request Count,Failure Count,Median Response Time,Average Response Time,Min Response Time,Max Response Time,Average Content Size,Requests/s,Failures/s,50%,66%,75%,80%,90%,95%,98%,99%,99.9%,99.99%,100%
POST,edge-large,91,14,52000,52663.38358680554,5400.778100010939,108180.48640002962,1592547.0,0.7732481456701746,0.11896125318002687,52000,59000,63000,67000,85000,91000,108000,108000,108000,108000,108000
,Aggregated,91,14,52000,52663.38358680554,5400.778100010939,108180.48640002962,1592547.0,0.7732481456701746,0.11896125318002687,52000,59000,63000,67000,85000,91000,108000,108000,108000,108000,108000
