Type,Name,Request Count,Failure Count,Median Response Time,Average Response Time,Min Response Time,Max Response Time,Average Content Size,Requests/s,Failures/s,50%,66%,75%,80%,90%,95%,98%,99%,99.9%,99.99%,100%
POST,edge-small,53,0,200,218.83773018676297,155.23619996383786,859.5029000425711,88479.49056603774,0.44589500556926187,0.0,200,210,230,230,260,330,370,860,860,860,860
,Aggregated,53,0,200,218.83773018676297,155.23619996383786,859.5029000425711,88479.49056603774,0.44589500556926187,0.0,200,210,230,230,260,330,370,860,860,860,860
