Type,Name,Request Count,Failure Count,Median Response Time,Average Response Time,Min Response Time,Max Response Time,Average Content Size,Requests/s,Failures/s,50%,66%,75%,80%,90%,95%,98%,99%,99.9%,99.99%,100%
POST,edge-large,137,0,5800,6479.77358174687,1820.4624999780208,26181.312300032005,1947392.5401459853,1.164502190987835,0.0,5800,7800,8600,8900,11000,14000,19000,23000,26000,26000,26000
,Aggregated,137,0,5800,6479.77358174687,1820.4624999780208,26181.312300032005,1947392.5401459853,1.164502190987835,0.0,5800,7800,8600,8900,11000,14000,19000,23000,26000,26000,26000
