Type,Name,Request Count,Failure Count,Median Response Time,Average Response Time,Min Response Time,Max Response Time,Average Content Size,Requests/s,Failures/s,50%,66%,75%,80%,90%,95%,98%,99%,99.9%,99.99%,100%
POST,edge-medium,396,0,830,987.9934909095579,469.7308000177145,4111.942799994722,578666.6565656565,3.3510599999803894,0.0,840,1000,1200,1300,1600,2000,2700,2900,4100,4100,4100
,Aggregated,396,0,830,987.9934909095579,469.7308000177145,4111.942799994722,578666.6565656565,3.3510599999803894,0.0,840,1000,1200,1300,1600,2000,2700,2900,4100,4100,4100
