Type,Name,Request Count,Failure Count,Median Response Time,Average Response Time,Min Response Time,Max Response Time,Average Content Size,Requests/s,Failures/s,50%,66%,75%,80%,90%,95%,98%,99%,99.9%,99.99%,100%
POST,grayscale-small,544,0,170,200.7269560633765,141.5334000485018,1194.2553999833763,66781.56617647059,4.584273242724478,0.0,170,190,210,210,230,280,530,910,1200,1200,1200
,Aggregated,544,0,170,200.7269560633765,141.5334000485018,1194.2553999833763,66781.56617647059,4.584273242724478,0.0,170,190,210,210,230,280,530,910,1200,1200,1200
