Type,Name,Request Count,Failure Count,Median Response Time,Average Response Time,Min Response Time,Max Response Time,Average Content Size,Requests/s,Failures/s,50%,66%,75%,80%,90%,95%,98%,99%,99.9%,99.99%,100%
POST,grayscale-medium,499,2,6700,8492.065414030456,672.2939999308437,60797.95700008981,478191.0160320641,4.1715695728175595,0.016719717726723683,6700,8400,10000,11000,14000,18000,28000,41000,61000,61000,61000
,Aggregated,499,2,6700,8492.065414030456,672.2939999308437,60797.95700008981,478191.0160320641,4.1715695728175595,0.016719717726723683,6700,8400,10000,11000,14000,18000,28000,41000,61000,61000,61000
