Type,Name,Request Count,Failure Count,Median Response Time,Average Response Time,Min Response Time,Max Response Time,Average Content Size,Requests/s,Failures/s,50%,66%,75%,80%,90%,95%,98%,99%,99.9%,99.99%,100%
POST,grayscale-medium,47,0,490,584.1704063920026,341.60170005634427,2183.0413999268785,528795.5531914893,0.397519375603098,0.0,490,600,700,720,910,930,2200,2200,2200,2200,2200
,Aggregated,47,0,490,584.1704063920026,341.60170005634427,2183.0413999268785,528795.5531914893,0.397519375603098,0.0,490,600,700,720,910,930,2200,2200,2200,2200,2200
