Type,Name,Request Count,Failure Count,Median Response Time,Average Response Time,Min Response Time,Max Response Time,Average Content Size,Requests/s,Failures/s,50%,66%,75%,80%,90%,95%,98%,99%,99.9%,99.99%,100%
POST,grayscale-large,148,0,4100,5773.078819594465,1094.0882998984307,25256.645799963735,1598453.9256756757,1.238980054206618,0.0,4300,7400,8400,9100,12000,14000,18000,20000,25000,25000,25000
,Aggregated,148,0,4100,5773.078819594465,1094.0882998984307,25256.645799963735,1598453.9256756757,1.238980054206618,0.0,4300,7400,8400,9100,12000,14000,18000,20000,25000,25000,25000
