Type,Name,Request Count,Failure Count,Median Response Time,Average Response Time,Min Response Time,Max Response Time,Average Content Size,Requests/s,Failures/s,50%,66%,75%,80%,90%,95%,98%,99%,99.9%,99.99%,100%
POST,grayscale-small,545,0,170,199.00851779694267,140.39219997357577,1193.3384999865666,66388.30091743119,4.590841995391645,0.0,170,190,210,210,230,290,550,860,1200,1200,1200
,Aggregated,545,0,170,199.00851779694267,140.39219997357577,1193.3384999865666,66388.30091743119,4.590841995391645,0.0,170,190,210,210,230,290,550,860,1200,1200,1200
