Type,Name,Request Count,Failure Count,Median Response Time,Average Response Time,Min Response Time,Max Response Time,Average Content Size,Requests/s,Failures/s,50%,66%,75%,80%,90%,95%,98%,99%,99.9%,99.99%,100%
POST,grayscale-large,128,1,25000,30877.10344921834,5397.119100089185,117900.39390011225,1580076.1015625,1.0723970252615578,0.00837810175985592,26000,34000,38000,42000,52000,79000,90000,94000,118000,118000,118000
,Aggregated,128,1,25000,30877.10344921834,5397.119100089185,117900.39390011225,1580076.1015625,1.0723970252615578,0.00837810175985592,26000,34000,38000,42000,52000,79000,90000,94000,118000,118000,118000
