Type,Name,Request Count,Failure Count,Median Response Time,Average Response Time,Min Response Time,Max Response Time,Average Content Size,Requests/s,Failures/s,50%,66%,75%,80%,90%,95%,98%,99%,99.9%,99.99%,100%
POST,grayscale-large,91,23,40000,46661.39603846266,10121.943600010127,100011.70459995046,1202069.989010989,0.768543412044913,0.19424723601135166,40000,67000,72000,74000,89000,93000,96000,100000,100000,100000,100000
,Aggregated,91,23,40000,46661.39603846266,10121.943600010127,100011.70459995046,1202069.989010989,0.768543412044913,0.19424723601135166,40000,67000,72000,74000,89000,93000,96000,100000,100000,100000,100000
