Type,Name,Request Count,Failure Count,Median Response Time,Average Response Time,Min Response Time,Max Response Time,Average Content Size,Requests/s,Failures/s,50%,66%,75%,80%,90%,95%,98%,99%,99.9%,99.99%,100%
POST,grayscale-small,3136,0,1300,1652.2180762440628,142.20909995492548,16139.05200001318,65331.87627551021,26.450144876133354,0.0,1300,1800,2100,2400,3300,4100,5400,6100,11000,16000,16000
,Aggregated,3136,0,1300,1652.2180762440628,142.20909995492548,16139.05200001318,65331.87627551021,26.450144876133354,0.0,1300,1800,2100,2400,3300,4100,5400,6100,11000,16000,16000
