Type,Name,Request Count,Failure Count,Median Response Time,Average Response Time,Min Response Time,Max Response Time,Average Content Size,Requests/s,Failures/s,50%,66%,75%,80%,90%,95%,98%,99%,99.9%,99.99%,100%
POST,grayscale-medium,409,0,730,925.1142660145076,319.69949998892844,3397.6057999534532,502145.391198044,3.4486747715858774,0.0,730,960,1100,1300,1700,2100,2600,2900,3400,3400,3400
,Aggregated,409,0,730,925.1142660145076,319.69949998892844,3397.6057999534532,502145.391198044,3.4486747715858774,0.0,730,960,1100,1300,1700,2100,2600,2900,3400,3400,3400
