Type,Name,Request Count,Failure Count,Median Response Time,Average Response Time,Min Response Time,Max Response Time,Average Content Size,Requests/s,Failures/s,50%,66%,75%,80%,90%,95%,98%,99%,99.9%,99.99%,100%
POST,grayscale-medium,46,0,500,581.7845369431028,361.16430000402033,1713.3569999132305,509823.60869565216,0.3874408314447437,0.0,510,590,660,690,890,930,1700,1700,1700,1700,1700
,Aggregated,46,0,500,581.7845369431028,361.16430000402033,1713.3569999132305,509823.60869565216,0.3874408314447437,0.0,510,590,660,690,890,930,1700,1700,1700,1700,1700
