Type,Name,Request Count,Failure Count,Median Response Time,Average Response Time,Min Response Time,Max Response Time,Average Content Size,Requests/s,Failures/s,50%,66%,75%,80%,90%,95%,98%,99%,99.9%,99.99%,100%
POST,grayscale-large,89,26,65000,55538.9793438162,7544.289999990724,109523.14079995267,1096229.9213483145,0.755382628826302,0.22067357696049272,65000,71000,74000,81000,97000,105000,108000,110000,110000,110000,110000
,Aggregated,89,26,65000,55538.9793438162,7544.289999990724,109523.14079995267,1096229.9213483145,0.755382628826302,0.22067357696049272,65000,71000,74000,81000,97000,105000,108000,110000,110000,110000,110000
