Type,Name,Request Count,Failure Count,Median Response Time,Average Response Time,Min Response Time,Max Response Time,Average Content Size,Requests/s,Failures/s,50%,66%,75%,80%,90%,95%,98%,99%,99.9%,99.99%,100%
POST,grayscale-medium,489,0,6600,8489.74722637752,887.7772999694571,113791.49380000308,486270.03885480575,4.116170126337122,0.0,6600,8200,9600,11000,14000,18000,24000,52000,114000,114000,114000
,Aggregated,489,0,6600,8489.74722637752,887.7772999694571,113791.49380000308,486270.03885480575,4.116170126337122,0.0,6600,8200,9600,11000,14000,18000,24000,52000,114000,114000,114000
