Type,Name,Request Count,Failure Count,Median Response Time,Average Response Time,Min Response Time,Max Response Time,Average Content Size,Requests/s,Failures/s,50%,66%,75%,80%,90%,95%,98%,99%,99.9%,99.99%,100%
POST,grayscale-large,34,0,1300,1446.5739705894307,1114.4008999690413,2318.5743000358343,1565471.3529411764,0.2866902725177956,0.0,1300,1500,1600,1600,2100,2300,2300,2300,2300,2300,2300
,Aggregated,34,0,1300,1446.5739705894307,1114.4008999690413,2318.5743000358343,1565471.3529411764,0.2866902725177956,0.0,1300,1500,1600,1600,2100,2300,2300,2300,2300,2300,2300
