Type,Name,Request Count,Failure Count,Median Response Time,Average Response Time,Min Response Time,Max Response Time,Average Content Size,Requests/s,Failures/s,50%,66%,75%,80%,90%,95%,98%,99%,99.9%,99.99%,100%
POST,grayscale-small,3038,5,1300,1707.5515760359363,140.7083000522107,40489.385999972,64993.22448979592,25.60752628215389,0.04214536912796888,1300,1700,2100,2300,3200,4100,5600,6900,22000,40000,40000
,Aggregated,3038,5,1300,1707.5515760359363,140.7083000522107,40489.385999972,64993.22448979592,25.60752628215389,0.04214536912796888,1300,1700,2100,2300,3200,4100,5600,6900,22000,40000,40000
