Type,Name,Request Count,Failure Count,Median Response Time,Average Response Time,Min Response Time,Max Response Time,Average Content Size,Requests/s,Failures/s,50%,66%,75%,80%,90%,95%,98%,99%,99.9%,99.99%,100%
POST,grayscale-large,142,0,5900,6274.861434502462,1085.4724999517202,21065.592300030403,1678416.0633802817,1.2003937132094957,0.0,6000,7400,8700,9200,11000,13000,15000,18000,21000,21000,21000
,Aggregated,142,0,5900,6274.861434502462,1085.4724999517202,21065.592300030403,1678416.0633802817,1.2003937132094957,0.0,6000,7400,8700,9200,11000,13000,15000,18000,21000,21000,21000
