Type,Name,Request Count,Failure Count,Median Response Time,Average Response Time,Min Response Time,Max Response Time,Average Content Size,Requests/s,Failures/s,50%,66%,75%,80%,90%,95%,98%,99%,99.9%,99.99%,100%
POST,grayscale-small,2579,0,230,265.81601636193926,141.04769995901734,1912.2456000186503,64299.51143854207,21.73524706878399,0.0,230,260,290,310,380,450,810,1000,1800,1900,1900
,Aggregated,2579,0,230,265.81601636193926,141.04769995901734,1912.2456000186503,64299.51143854207,21.73524706878399,0.0,230,260,290,310,380,450,810,1000,1800,1900,1900
