Type,Name,Request Count,Failure Count,Median Response Time,Average Response Time,Min Response Time,Max Response Time,Average Content Size,Requests/s,Failures/s,50%,66%,75%,80%,90%,95%,98%,99%,99.9%,99.99%,100%
POST,grayscale-large,131,1,28000,32151.69621984215,2127.0752999698743,106547.14679997414,1560235.0916030535,1.0990333290553775,0.008389567397369294,28000,35000,39000,41000,65000,73000,77000,104000,107000,107000,107000
,Aggregated,131,1,28000,32151.69621984215,2127.0752999698743,106547.14679997414,1560235.0916030535,1.0990333290553775,0.008389567397369294,28000,35000,39000,41000,65000,73000,77000,104000,107000,107000,107000
