Type,Name,Request Count,Failure Count,Median Response Time,Average Response Time,Min Response Time,Max Response Time,Average Content Size,Requests/s,Failures/s,50%,66%,75%,80%,90%,95%,98%,99%,99.9%,99.99%,100%
POST,grayscale-medium,423,0,660,820.5395101648854,324.55499994102865,3537.5097999349236,483866.9952718676,3.5418330572111603,0.0,660,800,920,1000,1400,1900,2900,3100,3500,3500,3500
,Aggregated,423,0,660,820.5395101648854,324.55499994102865,3537.5097999349236,483866.9952718676,3.5418330572111603,0.0,660,800,920,1000,1400,1900,2900,3100,3500,3500,3500
