Type,Name,Request Count,Failure Count,Median Response Time,Average Response Time,Min Response Time,Max Response Time,Average Content Size,Requests/s,Failures/s,50%,66%,75%,80%,90%,95%,98%,99%,99.9%,99.99%,100%
POST,grayscale-medium,457,8,10000,14095.107205911117,1357.0927999680862,111169.23749994021,460223.6280087527,3.853087426734032,0.06745010812663514,10000,14000,16000,18000,26000,38000,60000,88000,111000,111000,111000
,Aggregated,457,8,10000,14095.107205911117,1357.0927999680862,111169.23749994021,460223.6280087527,3.853087426734032,0.06745010812663514,10000,14000,16000,18000,26000,38000,60000,88000,111000,111000,111000
