Type,Name,Request Count,Failure Count,Median Response Time,Average Response Time,Min Response Time,Max Response Time,Average Content Size,Requests/s,Failures/s,50%,66%,75%,80%,90%,95%,98%,99%,99.9%,99.99%,100%
POST,grayscale-small,2606,0,240,277.34945483470165,142.6803000504151,1475.2295999787748,65473.5318495779,21.96430441010512,0.0,240,280,310,340,410,500,800,1100,1400,1500,1500
,Aggregated,2606,0,240,277.34945483470165,142.6803000504151,1475.2295999787748,65473.5318495779,21.96430441010512,0.0,240,280,310,340,410,500,800,1100,1400,1500,1500
