Type,Name,Request Count,Failure Count,Median Response Time,Average Response Time,Min Response Time,Max Response Time,Average Content Size,Requests/s,Failures/s,50%,66%,75%,80%,90%,95%,98%,99%,99.9%,99.99%,100%
POST,grayscale-medium,446,2,9300,13052.968281616702,1760.4466000339016,112121.5644000331,479747.0964125561,3.7424144903882177,0.01678212775958842,9300,13000,15000,16000,21000,32000,61000,90000,112000,112000,112000
,Aggregated,446,2,9300,13052.968281616702,1760.4466000339016,112121.5644000331,479747.0964125561,3.7424144903882177,0.01678212775958842,9300,13000,15000,16000,21000,32000,61000,90000,112000,112000,112000
