Type,Name,Request Count,Failure Count,Median Response Time,Average Response Time,Min Response Time,Max Response Time,Average Content Size,Requests/s,Failures/s,50%,66%,75%,80%,90%,95%,98%,99%,99.9%,99.99%,100%
POST,grayscale-large,32,0,1600,1714.5084218682314,1089.3025998957455,5242.291199974716,1800263.375,0.2693605116468915,0.0,1600,1600,1800,2000,2300,2500,5200,5200,5200,5200,5200
,Aggregated,32,0,1600,1714.5084218682314,1089.3025998957455,5242.291199974716,1800263.375,0.2693605116468915,0.0,1600,1600,1800,2000,2300,2500,5200,5200,5200,5200,5200
