Type,Name,Request Count,Failure Count,Median Response Time,Average Response Time,Min Response Time,Max Response Time,Average Content Size,Requests/s,Failures/s,50%,66%,75%,80%,90%,95%,98%,99%,99.9%,99.99%,100%
POST,grayscale-small,52,0,190,297.72427308713446,150.06890008226037,2322.8386000264436,66418.69230769231,0.4423445288244774,0.0,190,220,230,230,450,1000,1300,2300,2300,2300,2300
,Aggregated,52,0,190,297.72427308713446,150.06890008226037,2322.8386000264436,66418.69230769231,0.4423445288244774,0.0,190,220,230,230,450,1000,1300,2300,2300,2300,2300
