Type,Name,Request Count,Failure Count,Median Response Time,Average Response Time,Min Response Time,Max Response Time,Average Content Size,Requests/s,Failures/s,50%,66%,75%,80%,90%,95%,98%,99%,99.9%,99.99%,100%
POST,grayscale-small,55,0,180,202.4122872686183,158.53309992235154,1058.0847000237554,66168.5090909091,0.4698589277851756,0.0,180,190,200,220,230,280,300,1100,1100,1100,1100
,Aggregated,55,0,180,202.4122872686183,158.53309992235154,1058.0847000237554,66168.5090909091,0.4698589277851756,0.0,180,190,200,220,230,280,300,1100,1100,1100,1100
