Type,Name,Request Count,Failure Count,Median Response Time,Average Response Time,Min Response Time,Max Response Time,Average Content Size,Requests/s,Failures/s,50%,66%,75%,80%,90%,95%,98%,99%,99.9%,99.99%,100%
POST,resize-small,50,0,200,243.56508999830112,168.62679994665086,1578.9660000009462,37675.24,0.4382577862043489,0.0,200,220,230,230,290,340,1600,1600,1600,1600,1600
,Aggregated,50,0,200,243.56508999830112,168.62679994665086,1578.9660000009462,37675.24,0.4382577862043489,0.0,200,220,230,230,290,340,1600,1600,1600,1600,1600
