Type,Name,Request Count,Failure Count,Median Response Time,Average Response Time,Min Response Time,Max Response Time,Average Content Size,Requests/s,Failures/s,50%,66%,75%,80%,90%,95%,98%,99%,99.9%,99.99%,100%
POST,resize-medium,479,3,6000,8557.022566388707,482.72630001883954,111751.67209992651,38640.50939457202,4.044159341396479,0.0253287641423579,6000,7700,9400,11000,15000,22000,35000,47000,112000,112000,112000
,Aggregated,479,3,6000,8557.022566388707,482.72630001883954,111751.67209992651,38640.50939457202,4.044159341396479,0.0253287641423579,6000,7700,9400,11000,15000,22000,35000,47000,112000,112000,112000
