Type,Name,Request Count,Failure Count,Median Response Time,Average Response Time,Min Response Time,Max Response Time,Average Content Size,Requests/s,Failures/s,50%,66%,75%,80%,90%,95%,98%,99%,99.9%,99.99%,100%
POST,resize-small,3520,0,1000,1253.5282376703187,154.04759999364614,7649.183299974538,38734.964772727275,29.635723576000775,0.0,1000,1400,1600,1800,2400,3000,3900,4600,6200,7600,7600
,Aggregated,3520,0,1000,1253.5282376703187,154.04759999364614,7649.183299974538,38734.964772727275,29.635723576000775,0.0,1000,1400,1600,1800,2400,3000,3900,4600,6200,7600,7600
