Type,Name,Request Count,Failure Count,Median Response Time,Average Response Time,Min Response Time,Max Response Time,Average Content Size,Requests/s,Failures/s,50%,66%,75%,80%,90%,95%,98%,99%,99.9%,99.99%,100%
POST,resize-large,146,0,5300,5901.58939794701,1319.3866999354213,15862.071099923924,38206.479452054795,1.2312727157190333,0.0,5300,7400,8300,8800,11000,12000,14000,15000,16000,16000,16000
,Aggregated,146,0,5300,5901.58939794701,1319.3866999354213,15862.071099923924,38206.479452054795,1.2312727157190333,0.0,5300,7400,8300,8800,11000,12000,14000,15000,16000,16000,16000
