Type,Name,Request Count,Failure Count,Median Response Time,Average Response Time,Min Response Time,Max Response Time,Average Content Size,Requests/s,Failures/s,50%,66%,75%,80%,90%,95%,98%,99%,99.9%,99.99%,100%
POST,resize-small,2617,0,220,241.46825479515954,149.05739994719625,1132.382099982351,38845.272067252576,22.04183380051981,0.0,220,240,250,270,320,390,600,850,1100,1100,1100
,Aggregated,2617,0,220,241.46825479515954,149.05739994719625,1132.382099982351,38845.272067252576,22.04183380051981,0.0,220,240,250,270,320,390,600,850,1100,1100,1100
