Type,Name,Request Count,Failure Count,Median Response Time,Average Response Time,Min Response Time,Max Response Time,Average Content Size,Requests/s,Failures/s,50%,66%,75%,80%,90%,95%,98%,99%,99.9%,99.99%,100%
POST,resize-large,151,0,5400,5754.962594700139,1245.037499931641,15163.519999943674,39198.81456953642,1.2875719426154466,0.0,5400,7200,7900,8300,10000,12000,14000,15000,15000,15000,15000
,Aggregated,151,0,5400,5754.962594700139,1245.037499931641,15163.519999943674,39198.81456953642,1.2875719426154466,0.0,5400,7200,7900,8300,10000,12000,14000,15000,15000,15000,15000
