Type,Name,Request Count,Failure Count,Median Response Time,Average Response Time,Min Response Time,Max Response Time,Average Content Size,Requests/s,Failures/s,50%,66%,75%,80%,90%,95%,98%,99%,99.9%,99.99%,100%
POST,resize-medium,398,0,720,908.8558057822105,395.0456000166014,4214.832099969499,38318.86934673367,3.416656974083688,0.0,720,910,1000,1100,1500,2000,3000,3300,4200,4200,4200
,Aggregated,398,0,720,908.8558057822105,395.0456000166014,4214.832099969499,38318.86934673367,3.416656974083688,0.0,720,910,1000,1100,1500,2000,3000,3300,4200,4200,4200
