Type,Name,Request Count,Failure Count,Median Response Time,Average Response Time,Min Response Time,Max Response Time,Average Content Size,Requests/s,Failures/s,50%,66%,75%,80%,90%,95%,98%,99%,99.9%,99.99%,100%
POST,resize-medium,411,0,670,857.5982552292528,393.79070000723004,3333.8188999332488,38041.71532846715,3.472870772742586,0.0,670,850,990,1100,1400,2000,2700,2900,3300,3300,3300
,Aggregated,411,0,670,857.5982552292528,393.79070000723004,3333.8188999332488,38041.71532846715,3.472870772742586,0.0,670,850,990,1100,1400,2000,2700,2900,3300,3300,3300
