Type,Name,Request Count,Failure Count,Median Response Time,Average Response Time,Min Response Time,Max Response Time,Average Content Size,Requests/s,Failures/s,50%,66%,75%,80%,90%,95%,98%,99%,99.9%,99.99%,100%
POST,resize-medium,446,24,9700,14160.541204706402,1116.782399942167,97772.71580009256,35849.16143497758,3.7576072380338474,0.20220308007357027,9700,13000,17000,20000,29000,42000,55000,83000,98000,98000,98000
,Aggregated,446,24,9700,14160.541204706402,1116.782399942167,97772.71580009256,35849.16143497758,3.7576072380338474,0.20220308007357027,9700,13000,17000,20000,29000,42000,55000,83000,98000,98000,98000
