Type,Name,Request Count,Failure Count,Median Response Time,Average Response Time,Min Response Time,Max Response Time,Average Content Size,Requests/s,Failures/s,50%,66%,75%,80%,90%,95%,98%,99%,99.9%,99.99%,100%
POST,resize-large,136,5,23000,28267.87203602897,2585.48249991145,102055.51370000467,35754.0,1.1487545720651093,0.042233623972981964,23000,33000,38000,39000,50000,63000,94000,95000,102000,102000,102000
,Aggregated,136,5,23000,28267.87203602897,2585.48249991145,102055.51370000467,35754.0,1.1487545720651093,0.042233623972981964,23000,33000,38000,39000,50000,63000,94000,95000,102000,102000,102000
