Type,Name,Request Count,Failure Count,Median Response Time,Average Response Time,Min Response Time,Max Response Time,Average Content Size,Requests/s,Failures/s,50%,66%,75%,80%,90%,95%,98%,99%,99.9%,99.99%,100%
POST,resize-small,3486,0,1000,1275.0719076019366,153.2130999257788,7566.120099974796,38683.46356855996,29.387300040515374,0.0,1000,1300,1600,1800,2400,3100,4000,4700,6800,7600,7600
,Aggregated,3486,0,1000,1275.0719076019366,153.2130999257788,7566.120099974796,38683.46356855996,29.387300040515374,0.0,1000,1300,1600,1800,2400,3100,4000,4700,6800,7600,7600
