Type,Name,Request Count,Failure Count,Median Response Time,Average Response Time,Min Response Time,Max Response Time,Average Content Size,Requests/s,Failures/s,50%,66%,75%,80%,90%,95%,98%,99%,99.9%,99.99%,100%
POST,resize-medium,47,0,500,540.4110255259823,390.4965000692755,1196.4251999743283,38471.51063829787,0.39790838221933533,0.0,500,550,560,630,770,780,1200,1200,1200,1200,1200
,Aggregated,47,0,500,540.4110255259823,390.4965000692755,1196.4251999743283,38471.51063829787,0.39790838221933533,0.0,500,550,560,630,770,780,1200,1200,1200,1200,1200
