Type,Name,Request Count,Failure Count,Median Response Time,Average Response Time,Min Response Time,Max Response Time,Average Content Size,Requests/s,Failures/s,50%,66%,75%,80%,90%,95%,98%,99%,99.9%,99.99%,100%
POST,resize-small,544,0,190,208.14108510667745,152.03379990998656,829.4374999823049,38143.882352941175,4.582339434678026,0.0,190,200,210,220,240,320,430,780,830,830,830
,Aggregated,544,0,190,208.14108510667745,152.03379990998656,829.4374999823049,38143.882352941175,4.582339434678026,0.0,190,200,210,220,240,320,430,780,830,830,830
