Type,Name,Request Count,Failure Count,Median Response Time,Average Response Time,Min Response Time,Max Response Time,Average Content Size,Requests/s,Failures/s,50%,66%,75%,80%,90%,95%,98%,99%,99.9%,99.99%,100%
POST,resize-large,130,5,27000,31526.24439230959,3247.41160008125,111690.88479992934,33767.276923076926,1.0932294619403995,0.04204728699770768,27000,36000,40000,43000,51000,64000,91000,107000,112000,112000,112000
,Aggregated,130,5,27000,31526.24439230959,3247.41160008125,111690.88479992934,33767.276923076926,1.0932294619403995,0.04204728699770768,27000,36000,40000,43000,51000,64000,91000,107000,112000,112000,112000
