Type,Name,Request Count,Failure Count,Median Response Time,Average Response Time,Min Response Time,Max Response Time,Average Content Size,Requests/s,Failures/s,50%,66%,75%,80%,90%,95%,98%,99%,99.9%,99.99%,100%
POST,resize-small,2630,0,220,247.20455924072922,151.41379996202886,2009.0815000003204,38135.19163498099,22.16410541033777,0.0,220,240,260,270,330,410,690,960,1200,2000,2000
,Aggregated,2630,0,220,247.20455924072922,151.41379996202886,2009.0815000003204,38135.19163498099,22.16410541033777,0.0,220,240,260,270,330,410,690,960,1200,2000,2000
