Type,Name,Request Count,Failure Count,Median Response Time,Average Response Time,Min Response Time,Max Response Time,Average Content Size,Requests/s,Failures/s,50%,66%,75%,80%,90%,95%,98%,99%,99.9%,99.99%,100%
POST,resize-large,33,0,1400,1516.0824363719616,1234.1381000587717,2241.948900045827,37382.63636363636,0.2836659308020145,0.0,1400,1600,1600,1600,2100,2200,2200,2200,2200,2200,2200
,Aggregated,33,0,1400,1516.0824363719616,1234.1381000587717,2241.948900045827,37382.63636363636,0.2836659308020145,0.0,1400,1600,1600,1600,2100,2200,2200,2200,2200,2200,2200
