Type,Name,Request Count,Failure Count,Median Response Time,Average Response Time,Min Response Time,Max Response Time,Average Content Size,Requests/s,Failures/s,50%,66%,75%,80%,90%,95%,98%,99%,99.9%,99.99%,100%
POST,resize-small,51,0,200,216.54483137935327,159.53649999573827,1029.8129000002518,38575.901960784315,0.42887134849814923,0.0,200,200,210,220,240,250,340,1000,1000,1000,1000
,Aggregated,51,0,200,216.54483137935327,159.53649999573827,1029.8129000002518,38575.901960784315,0.42887134849814923,0.0,200,200,210,220,240,250,340,1000,1000,1000,1000
