Type,Name,Request Count,Failure Count,Median Response Time,Average Response Time,Min Response Time,Max Response Time,Average Content Size,Requests/s,Failures/s,50%,66%,75%,80%,90%,95%,98%,99%,99.9%,99.99%,100%
POST,resize-medium,472,13,8400,12959.610750424672,1902.3575999308378,116665.79009999987,35845.06991525424,3.9751959652611535,0.10948632955168432,8400,12000,15000,18000,27000,40000,48000,64000,117000,117000,117000
,Aggregated,472,13,8400,12959.610750424672,1902.3575999308378,116665.79009999987,35845.06991525424,3.9751959652611535,0.10948632955168432,8400,12000,15000,18000,27000,40000,48000,64000,117000,117000,117000
