Type,Name,Request Count,Failure Count,Median Response Time,Average Response Time,Min Response Time,Max Response Time,Average Content Size,Requests/s,Failures/s,50%,66%,75%,80%,90%,95%,98%,99%,99.9%,99.99%,100%
POST,resize-large,141,82,62000,55346.467480850275,4989.752300083637,112500.4925999092,14921.156028368794,1.2004110372083765,0.6981113833410416,62000,69000,77000,85000,92000,97000,103000,109000,113000,113000,113000
,Aggregated,141,82,62000,55346.467480850275,4989.752300083637,112500.4925999092,14921.156028368794,1.2004110372083765,0.6981113833410416,62000,69000,77000,85000,92000,97000,103000,109000,113000,113000,113000
