Type,Name,Request Count,Failure Count,Median Response Time,Average Response Time,Min Response Time,Max Response Time,Average Content Size,Requests/s,Failures/s,50%,66%,75%,80%,90%,95%,98%,99%,99.9%,99.99%,100%
POST,resize-large,111,61,68000,60647.36545766045,4700.79120004084,117100.30719998758,15693.135135135135,0.9342278100781931,0.5134044722051332,68000,74000,81000,85000,94000,96000,98000,100000,117000,117000,117000
,Aggregated,111,61,68000,60647.36545766045,4700.79120004084,117100.30719998758,15693.135135135135,0.9342278100781931,0.5134044722051332,68000,74000,81000,85000,94000,96000,98000,100000,117000,117000,117000
