Type,Name,Request Count,Failure Count,Median Response Time,Average Response Time,Min Response Time,Max Response Time,Average Content Size,Requests/s,Failures/s,50%,66%,75%,80%,90%,95%,98%,99%,99.9%,99.99%,100%
POST,resize-small,531,0,190,221.6541919012759,153.14030006993562,1636.5205999463797,39712.02071563088,4.467419784227743,0.0,190,210,220,230,250,320,650,990,1600,1600,1600
,Aggregated,531,0,190,221.6541919012759,153.14030006993562,1636.5205999463797,39712.02071563088,4.467419784227743,0.0,190,210,220,230,250,320,650,990,1600,1600,1600
