Type,Name,Request Count,Failure Count,Median Response Time,Average Response Time,Min Response Time,Max Response Time,Average Content Size,Requests/s,Failures/s,50%,66%,75%,80%,90%,95%,98%,99%,99.9%,99.99%,100%
POST,resize-medium,490,4,7300,8871.997826731269,935.3342999238521,58407.51329995692,37893.195918367346,4.124615340957416,0.03367032931393809,7300,9000,11000,12000,14000,19000,32000,39000,58000,58000,58000
,Aggregated,490,4,7300,8871.997826731269,935.3342999238521,58407.51329995692,37893.195918367346,4.124615340957416,0.03367032931393809,7300,9000,11000,12000,14000,19000,32000,39000,58000,58000,58000
