Type,Name,Request Count,Failure Count,Median Response Time,Average Response Time,Min Response Time,Max Response Time,Average Content Size,Requests/s,Failures/s,50%,66%,75%,80%,90%,95%,98%,99%,99.9%,99.99%,100%
POST,resize-medium,47,0,560,573.5904234189024,394.45749996230006,1353.2329000299796,43150.40425531915,0.4007506067495633,0.0,560,620,640,650,780,810,1400,1400,1400,1400,1400
,Aggregated,47,0,560,573.5904234189024,394.45749996230006,1353.2329000299796,43150.40425531915,0.4007506067495633,0.0,560,620,640,650,780,810,1400,1400,1400,1400,1400
