Type,Name,Request Count,Failure Count,Median Response Time,Average Response Time,Min Response Time,Max Response Time,Average Content Size,Requests/s,Failures/s,50%,66%,75%,80%,90%,95%,98%,99%,99.9%,99.99%,100%
POST,resize-large,34,0,1400,1515.0012146982858,1215.578299947083,2224.00380007457,37661.58823529412,0.2885182924356424,0.0,1400,1600,1600,1600,2100,2200,2200,2200,2200,2200,2200
,Aggregated,34,0,1400,1515.0012146982858,1215.578299947083,2224.00380007457,37661.58823529412,0.2885182924356424,0.0,1400,1600,1600,1600,2100,2200,2200,2200,2200,2200,2200
